<?xml version="1.0" encoding="UTF-8"?>
<extension format="1.0">
	<extension_code>ocsng-data-collector</extension_code>
	<company>Combodo SARL</company>
	<author><![CDATA[Christophe]]></author>
	<label><![CDATA[Data collector for OCS Inventory]]></label>
	<description><![CDATA[Data Collector for OCS Inventory NG]]></description>
	<version>1.0.5</version>
	<release_date>2019-10-29</release_date>
	<version_description><![CDATA[**Handles TeemIp :**
  * Automatically detects if TeemIp (as an iTop module or as a standalone application) is present.
  * Optional synchronization of IPv4 addresses
  * Optional synchronisation of logical interfaces]]></version_description>
	<itop_version_min></itop_version_min>
	<status></status>
	<mandatory>false</mandatory>
	<more_info_url></more_info_url>
</extension>
