{
	"name": "$prefix$:VirtualMachine",
	"description": "$prefix$ Data Collector (v. $version$): Virtual Machines",
	"status": "$synchro_status$",
	"user_id": "$synchro_user$",
	"notify_contact_id": "$contact_to_notify$",
	"scope_class": "VirtualMachine",
	"database_table_name": "",
	"scope_restriction": "",
	"full_load_periodicity": "$full_load_interval$",
	"reconciliation_policy": "use_attributes",
	"action_on_zero": "create",
	"action_on_one": "update",
	"action_on_multiple": "error",
	"delete_policy": "$delete_policy$",
	"delete_policy_update": "$delete_policy_update$",
	"delete_policy_retention": "$delete_policy_retention$",
	"attribute_list": [
		{
			"attcode": "applicationsolution_list",
			"update": "0",
			"reconcile": "0",
			"update_policy": "master_locked",
			"row_separator": "|",
			"attribute_separator": ";",
			"value_separator": ":",
			"attribute_qualifier": "'",
			"finalclass": "SynchroAttLinkSet",
			"friendlyname": "applicationsolution_list"
		},
		{
			"attcode": "business_criticity",
			"update": "0",
			"reconcile": "0",
			"update_policy": "master_locked",
			"finalclass": "SynchroAttribute",
			"friendlyname": "business_criticity"
		},
		{
			"attcode": "contacts_list",
			"update": "0",
			"reconcile": "0",
			"update_policy": "master_locked",
			"row_separator": "|",
			"attribute_separator": ";",
			"value_separator": ":",
			"attribute_qualifier": "'",
			"finalclass": "SynchroAttLinkSet",
			"friendlyname": "contacts_list"
		},
		{
			"attcode": "cpu",
			"update": "1",
			"reconcile": "0",
			"update_policy": "master_locked",
			"finalclass": "SynchroAttribute",
			"friendlyname": "cpu"
		},
		{
			"attcode": "description",
			"update": "0",
			"reconcile": "0",
			"update_policy": "master_locked",
			"finalclass": "SynchroAttribute",
			"friendlyname": "description"
		},
		{
			"attcode": "documents_list",
			"update": "0",
			"reconcile": "0",
			"update_policy": "master_locked",
			"row_separator": "|",
			"attribute_separator": ";",
			"value_separator": ":",
			"attribute_qualifier": "'",
			"finalclass": "SynchroAttLinkSet",
			"friendlyname": "documents_list"
		},
		{
			"attcode": "logicalvolumes_list",
			"update": "0",
			"reconcile": "0",
			"update_policy": "master_locked",
			"row_separator": "|",
			"attribute_separator": ";",
			"value_separator": ":",
			"attribute_qualifier": "'",
			"finalclass": "SynchroAttLinkSet",
			"friendlyname": "logicalvolumes_list"
		},
		{
			"attcode": "managementip_id",
			"update": "1",
			"reconcile": "0",
			"update_policy": "master_locked",
			"reconciliation_attcode": "id",
			"finalclass": "SynchroAttExtKey",
			"friendlyname": "managementip_id"
		},
		{
			"attcode": "move2production",
			"update": "0",
			"reconcile": "0",
			"update_policy": "master_locked",
			"finalclass": "SynchroAttribute",
			"friendlyname": "move2production"
		},
		{
			"attcode": "name",
			"update": "1",
			"reconcile": "1",
			"update_policy": "master_locked",
			"finalclass": "SynchroAttribute",
			"friendlyname": "name"
		},
		{
			"attcode": "org_id",
			"update": "1",
			"reconcile": "1",
			"update_policy": "master_locked",
			"reconciliation_attcode": "name",
			"finalclass": "SynchroAttExtKey",
			"friendlyname": "org_id"
		},
		{
			"attcode": "osfamily_id",
			"update": "1",
			"reconcile": "0",
			"update_policy": "master_locked",
			"reconciliation_attcode": "name",
			"finalclass": "SynchroAttExtKey",
			"friendlyname": "osfamily_id"
		},
		{
			"attcode": "oslicence_id",
			"update": "0",
			"reconcile": "0",
			"update_policy": "master_locked",
			"reconciliation_attcode": "",
			"finalclass": "SynchroAttExtKey",
			"friendlyname": "oslicence_id"
		},
		{
			"attcode": "osversion_id",
			"update": "1",
			"reconcile": "0",
			"update_policy": "master_locked",
			"reconciliation_attcode": "",
			"finalclass": "SynchroAttExtKey",
			"friendlyname": "osversion_id"
		},
		{
			"attcode": "providercontracts_list",
			"update": "0",
			"reconcile": "0",
			"update_policy": "master_locked",
			"row_separator": "|",
			"attribute_separator": ";",
			"value_separator": ":",
			"attribute_qualifier": "'",
			"finalclass": "SynchroAttLinkSet",
			"friendlyname": "providercontracts_list"
		},
		{
			"attcode": "ram",
			"update": "1",
			"reconcile": "0",
			"update_policy": "master_locked",
			"finalclass": "SynchroAttribute",
			"friendlyname": "ram"
		},
		{
			"attcode": "services_list",
			"update": "0",
			"reconcile": "0",
			"update_policy": "master_locked",
			"row_separator": "|",
			"attribute_separator": ";",
			"value_separator": ":",
			"attribute_qualifier": "'",
			"finalclass": "SynchroAttLinkSet",
			"friendlyname": "services_list"
		},
		{
			"attcode": "status",
			"update": "1",
			"reconcile": "0",
			"update_policy": "master_locked",
			"finalclass": "SynchroAttribute",
			"friendlyname": "status"
		},
		{
			"attcode": "tickets_list",
			"update": "0",
			"reconcile": "0",
			"update_policy": "master_locked",
			"row_separator": "|",
			"attribute_separator": ";",
			"value_separator": ":",
			"attribute_qualifier": "'",
			"finalclass": "SynchroAttLinkSet",
			"friendlyname": "tickets_list"
		},
		{
			"attcode": "virtualhost_id",
			"update": "0",
			"reconcile": "0",
			"update_policy": "master_locked",
			"reconciliation_attcode": "name",
			"finalclass": "SynchroAttExtKey",
			"friendlyname": "virtualhost_id"
		}
	],
	"user_delete_policy": "administrators",
	"url_icon": "",
	"url_application": ""
}
