<?xml version="1.0" encoding="UTF-8"?>
<extension format="1.0">
	<extension_code>combodo-data-synchronization-dashboard</extension_code>
	<company>Combodo SARL</company>
	<author><![CDATA[Guillaume]]></author>
	<label><![CDATA[Data synchronization dashboard]]></label>
	<description><![CDATA[Get an overview of all your data synchronizations at a glance]]></description>
	<version>1.1.0</version>
	<release_date>2018-07-13</release_date>
	<version_description><![CDATA[
	  - Fix compatibility with iTop 2.5
	  - Fix wrong warning counts in table]]></version_description>
	<itop_version_min>2.5.0</itop_version_min>
	<status>beta</status>
	<mandatory>false</mandatory>
	<more_info_url></more_info_url>
</extension>
