<?xml version="1.0" encoding="UTF-8"?>
<extension format="1.0">
	<extension_code>molkobain-console-tooltips</extension_code>
	<company>Molkobain</company>
	<author><![CDATA[Guillaume Lajarige]]></author>
	<label><![CDATA[Attributes description tooltip]]></label>
	<description><![CDATA[Inform your users about the purpose of object fields with small tooltips.]]></description>
	<version>1.0.0</version>
	<release_date>2018-02-17</release_date>
	<version_description><![CDATA[Initial release.]]></version_description>
	<itop_version_min>2.3.0</itop_version_min>
	<status>stable</status>
	<mandatory>false</mandatory>
	<more_info_url>https://github.com/Molkobain/itop-console-tooltips</more_info_url>
</extension>
