<?xml version="1.0" encoding="UTF-8"?>
<extension format="1.0">
	<extension_code>combodo-mail-to-ticket-automation</extension_code>
	<company>Combodo SARL</company>
	<author><![CDATA[Stephen, Eric]]></author>
	<label><![CDATA[Mail to ticket automation]]></label>
	<description><![CDATA[Scan several mailboxes to create or update tickets.]]></description>
	<version>3.1.0</version>
	<release_date>2019-05-21</release_date>
	<version_description><![CDATA[
                * Contacts in To/cc with the same email as current mailbox are not added to the ticket anymore
                * Handle signed emails with an "enveloped format"
                * Store eml for all the messages
            ]]></version_description>
	<itop_version_min>2.3.0</itop_version_min>
	<status>stable</status>
	<mandatory>false</mandatory>
	<more_info_url></more_info_url>
</extension>
