<?xml version="1.0" encoding="UTF-8"?>
<extension format="1.0">
	<extension_code>itop-communications</extension_code>
	<company>Combodo SARL</company>
	<author><![CDATA[Pierre]]></author>
	<label><![CDATA[Communications to the Customers]]></label>
	<description><![CDATA[Affichage de communications dans le (nouveau) portail]]></description>
	<version>1.0.9</version>
	<release_date>2018-12-19</release_date>
	<version_description><![CDATA[Update translations]]></version_description>
	<itop_version_min></itop_version_min>
	<status></status>
	<mandatory>false</mandatory>
	<more_info_url></more_info_url>
</extension>
