<?xml version="1.0" encoding="UTF-8"?>
<extension format="1.0">
	<extension_code>itop-ocsng</extension_code>
	<company>Combodo SARL</company>
	<author><![CDATA[Denis]]></author>
	<label><![CDATA[OCS Inventory Integration]]></label>
	<description><![CDATA[Direct display of the information from OCS Innventory in iTop for PCs, Servers and Virtual Machines synchronized with OCS Inventory.]]></description>
	<version>1.2.0</version>
	<release_date>2018-09-14</release_date>
	<version_description><![CDATA[First public version. The collector "Data collector for OCS Inventory" is now independent of this extension, and no longer requires any alteration of the datamodel.]]></version_description>
	<itop_version_min></itop_version_min>
	<status></status>
	<mandatory>false</mandatory>
	<more_info_url></more_info_url>
</extension>
