<?xml version="1.0" encoding="UTF-8"?>
<!-- Default values for parameters. Do NOT alter this file, use params.local.xml instead -->
<parameters>
  <itop_url>https://localhost/</itop_url>
  <itop_login>admin</itop_login>
  <itop_password>admin</itop_password>
  
  <!-- console_log_level: level of logging to console (std output)
  -1 : none, nothing will be logged to the console
   0 : System wide emergency errors only (LOG_EMERG)
   1 : Alert errors (LOG_ALERT)
   2 : Critical errors (LOG_CRIT)
   3 : Application level errors (LOG_ERR)
   4 : Warnings
   5 : Notice
   6 : Information
   7 : Debug traces
   -->
  <console_log_level>6</console_log_level>
  
  <!-- syslog_log_level: level of logging to Syslog
  -1 : none, nothing will be logged to syslog
   0 : System wide emergency errors (LOG_EMERG)
   1 : Alert errors (LOG_ALERT)
   2 : Critical errors (LOG_CRIT)
   3 : Application level errors (LOG_ERR)
   4 : Warnings
   5 : Notice
   6 : Information
   7 : Debug traces
   -->
  <syslog_log_level>-1</syslog_log_level>
  
  <!-- Maximum number of elements to process in one iteration (for upload and synchro in iTop) -->
  <max_chunk_size>1000</max_chunk_size>
  <!-- Timeout for waiting for the execution of one data synchro task (in seconds) -->
  <itop_synchro_timeout>600</itop_synchro_timeout>
  <!-- Whether or not to stop when an error occurs during a synchronization -->
  <stop_on_synchro_error>no</stop_on_synchro_error>
  <!-- When using cUrl to connect to the iTop Webservices the cUrl options can be specified below
  The syntax is:
  <NAME_OF_THE_OPTION1>VALUE_OF_THE_OPTION1</NAME_OF_THE_OPTION1>
  <NAME_OF_THE_OPTION2>VALUE_OF_THE_OPTION2</NAME_OF_THE_OPTION2>
  etc...
  
  Where NAME_OF_THE_OPTIONx and VALUE_OF_THE_OPTIONx are either:
  - The numeric value of the option
  - or the string representation of the corresponding PHP "define" (case sensitive)
  
  The four examples below are equivalent:
   <CURLOPT_SSLVERSION>CURL_SSLVERSION_SSLv3</CURLOPT_SSLVERSION>
  or
   <CURLOPT_SSLVERSION>3</CURLOPT_SSLVERSION>
  or
   <32>CURL_SSLVERSION_SSLv3</32>
  or
   <32>3</32>
   
  Since in PHP we have:
  define ('CURLOPT_SSLVERSION', 32);
  define ('CURL_SSLVERSION_SSLv3', 3);
  -->
  <curl_options>
    <CURLOPT_SSLVERSION>CURL_SSLVERSION_SSLv3</CURLOPT_SSLVERSION>
    <CURLOPT_SSL_VERIFYHOST>0</CURLOPT_SSL_VERIFYHOST>
    <CURLOPT_SSL_VERIFYPEER>1</CURLOPT_SSL_VERIFYPEER>
  </curl_options>
</parameters>