<?xml version="1.0" encoding="UTF-8"?>
<extension format="1.0">
	<extension_code>combodo-user-actions-configurator</extension_code>
	<company>Combodo SARL</company>
	<author><![CDATA[Pierre]]></author>
	<label><![CDATA[User actions configurator]]></label>
	<description><![CDATA[Configure  user actions to simplify and automate processes. Eg create an incident from a CI.]]></description>
	<version>1.3.2</version>
	<release_date>2019-03-26</release_date>
	<version_description><![CDATA[
        * Fix Issue when copying list with object copier
        * Fix Custom Date format in Stencils actions
      ]]></version_description>
	<itop_version_min>2.6.0</itop_version_min>
	<status>stable</status>
	<mandatory>false</mandatory>
	<more_info_url></more_info_url>
</extension>
