<?xml version="1.0" encoding="UTF-8"?>
<extension format="1.0">
	<extension_code>itop-admin-delegation-profiles</extension_code>
	<company>Combodo SARL</company>
	<author><![CDATA[Vincent]]></author>
	<label><![CDATA[Admin Tools Delegation]]></label>
	<description><![CDATA[This extension create new profiles to delegate admin tools menus, so you can give any of those responsibility
- user management,
- audit management,
- query phrases management,
- Data synchro management,
To any user without giving them full iTop administration rights.]]></description>
	<version>0.1.0</version>
	<release_date>2017-07-05</release_date>
	<version_description><![CDATA[First version.]]></version_description>
	<itop_version_min></itop_version_min>
	<status></status>
	<mandatory>false</mandatory>
	<more_info_url></more_info_url>
</extension>
