<?xml version="1.0" encoding="UTF-8"?>
<extension format="1.0">
	<extension_code>combodo-data-collector-for-vsphere</extension_code>
	<company>Combodo SARL</company>
	<author><![CDATA[Christophe]]></author>
	<label><![CDATA[Data collector for vSphere]]></label>
	<description><![CDATA[Collector for vSphere data synchronization in iTop CMDB (VM, Hypervisor, Cluster)]]></description>
	<version>1.0.11</version>
	<release_date>2018-12-31</release_date>
	<version_description><![CDATA[
  * Improved support of iTop 2.4+ (obsolescence flag)
  * Removed a debug trace
  * Fix Virtual machines which "connectionState" is not "connected" are skipped
]]></version_description>
	<itop_version_min></itop_version_min>
	<status></status>
	<mandatory>false</mandatory>
	<more_info_url></more_info_url>
</extension>
