<?xml version="1.0" encoding="UTF-8"?>
<itop_design xmlns:xsi="http://www.w3.org/2001/XMLSchema-instance" version="1.0">
  <menus>
    <menu id="AdminTools" xsi:type="MenuGroup" _delta="define_if_not_exists">
      <rank>80</rank>
      <enable_admin_only>1</enable_admin_only>
    </menu>
    <menu id="DBToolsMenu" xsi:type="WebPageMenuNode" _delta="define">
      <rank>15</rank>
      <parent>AdminTools</parent>
      <url>$pages/exec.php?exec_module=combodo-db-tools&amp;exec_page=dbtools.php&amp;c[menu]=DBToolsMenu</url>
      <enable_admin_only>1</enable_admin_only>
    </menu>
  </menus>
</itop_design>
