<?xml version="1.0" encoding="UTF-8"?>
<extension format="1.0">
	<extension_code>combodo-db-tools</extension_code>
	<company>Combodo SARL</company>
	<author><![CDATA[Pierre]]></author>
	<label><![CDATA[Database Maintenance Tools]]></label>
	<description><![CDATA[Database maintenance tools]]></description>
	<version>1.0.7</version>
	<release_date>2010-03-19</release_date>
	<version_description><![CDATA[
                - Little Typo in German translation of DB-Tools
            ]]></version_description>
	<itop_version_min></itop_version_min>
	<status></status>
	<mandatory>false</mandatory>
	<more_info_url></more_info_url>
</extension>
